scarcity,nonuniform_progress,performance_constraints,user_heterogeneity,cognitive,external,internal,coordination,transactional,technical,demand,paragraph,label,Bottid,year,word_count,number_of_types
0.0,0.0,0.0,1.0,0.0,0.0,0.0,1.0,0.0,0.0,1.0,A Warner Bros.  Discovery spokesman confirmed that  Discovery Plus would continue to exist as a low-priced option for consumers. The service would maintain a connection with  Discovery fans and provide a pipeline for marketing and data collection.,2.0,27.0,,40,0.3
0.0,0.0,0.0,1.0,0.0,0.0,1.0,0.0,0.0,0.0,0.0,"Patnekar is a champion of Charter’s diversity and inclusion (D&I) strategy. Using a combination of D&I principles and mentorship, many of his team members have seen their aspirations grow and careers develop. He strives to maintain a culture of open communications, rooted in respect and collaboration, that supports the business at the highest level.",2.0,25,,54,0.2
0.0,0.0,0.0,0.0,0.0,0.0,0.0,1.0,0.0,0.0,0.0,Xumo is designed to protect cable’s core broadband product and maintain its prominent position on the home screen while gathering all of the rich data that targeted advertisers so crave these days.,2.0,29,,32,0.1
0.0,0.0,1.0,1.0,0.0,0.0,0.0,0.0,0.0,0.0,1.0,"We have held good faith negotiations with MLB for several months to renew our deal to continue carrying their  content on YouTube TV. Unfortunately, despite our best efforts, we were unable to reach a new agreement before our existing one expired,” a YouTube TV spokesperson said. “Starting today, January 31, 2023, the MLB Network will no longer be available on YouTube TV.”",1.0,17.0,,63,0.3
0.0,0.0,0.0,1.0,0.0,0.0,0.0,1.0,0.0,0.0,1.0,"The  National Association for Multi-Ethnicity in Communications honored its 2023 Annual Awards recipients during the  37th Annual NAMIC Conference in New York on September 20. This year’s theme — “Our Legacy, A Mosaic of Possibilites” — honored NAMIC’s efforts to empower diversity, equity, access and inclusion in the  media , entertainment, and technology industries, as embodied by the recipient of each award.",2.0,25,,65,0.3
1.0,0.0,1.0,0.0,0.0,0.0,1.0,0.0,0.0,0.0,0.0,"YouTube TV allows us to transition away from higher-cost, low-margin  video to a higher-margin service with an even greater mix of channels for our customers,” Elder said. “What we are doing is unique among cable operators and is giving customers more of what they really want at a much better price.”",0.0,1,,52,0.3
0.0,0.0,1.0,1.0,0.0,0.0,0.0,1.0,1.0,0.0,1.0,Metadata enables customized features for connected vehicles,2.0,27,,13,0.5
0.0,0.0,0.0,1.0,0.0,0.0,0.0,0.0,0.0,0.0,1.0,"The four-part, eight-hour  film series will celebrate Black cultural icons, pioneers and activists and their impact, influence and legacies in fashion, music,  film and dance, according to the network.",2.0,25.0,,31,0.2
0.0,0.0,0.0,1.0,0.0,0.0,1.0,0.0,0.0,0.0,1.0,"There is a great affinity in the Black community to produce  content where we can tell our own stories and narratives, and we’re grateful that Lifetime has created the platform to allow African-American actors and producers to have a stage to share our talents not only for the Black community but with the rest of the world,” he said.",2.0,25,,60,0.3
0.0,0.0,1.0,0.0,0.0,0.0,0.0,0.0,0.0,1.0,0.0,"McAfee said that digital  media is able to reach millions of people, which ESPN in linear is still, at this point, attracting more people than ever.",1.0,18,,27,0.2
0.0,1.0,1.0,0.0,0.0,1.0,0.0,1.0,0.0,0.0,0.0,"The  Emmy Awards will not take place in September, according to published reports, with  the WGA and SAG-AFTRA strikes ongoing. Fox is lined up to air the 2023 Emmys, which was set for September 18.",2.0,30,,37,0.4
0.0,0.0,0.0,1.0,0.0,0.0,0.0,0.0,0.0,0.0,1.0,"Nathanson notes that  the current   Disney bundle of  Hulu ,  Disney Plus and ESPN Plus has a churn rate lower than  Netflix and three times lower than the rest of the  streaming industry.",2.0,0,,40,0.2
0.0,1.0,0.0,0.0,0.0,0.0,0.0,0.0,0.0,1.0,0.0,CTV is gaining while traditional TV remains under pressure from cord-cutting and consumers shifting to  streaming .,0.0,10,,18,0.2
0.0,0.0,1.0,0.0,0.0,0.0,0.0,1.0,0.0,0.0,1.0,Gray TV also chimes in about CBS’s FuboTV deal that left affiliates on the sidelines (UPDATED),2.0,25.0,,16,0.3
0.0,0.0,0.0,1.0,0.0,0.0,0.0,0.0,0.0,0.0,1.0,"CO: Yeah, I think the biggest kind — and I’m sure everyone here will understand when I say the biggest changes with — you know, Amazon is a giant global, I think the biggest employer in the world. It is a tech-driven company, that it comes out of Seattle, but it comes out of Silicon Valley culture. And that culture is just a lot different. A lot of the things that we assumed coming out of the studio space, everything was driven by our catalog and our legacy. At Amazon, it's really driven by an obsession with our customers. So it’s really how do we, as quickly as possible, drive value for customers inside our service? It’s a really different viewpoint.",2.0,26,,93,0.2
0.0,0.0,1.0,0.0,0.0,0.0,0.0,0.0,0.0,1.0,0.0,"Asked about the FCC’s attempts at  improving their broadband availability maps , Sohn said that would be one of her first orders of business.",0.0,2.0,,25,0.2
0.0,0.0,1.0,0.0,0.0,0.0,0.0,0.0,0.0,1.0,0.0,"Ever since introducing residential high-speed data services at scale in the late 1990s, the cable industry has been on a never-ending mission to deliver more data bits at faster speeds over blends of fiber-optic and coaxial cable distribution networks. Determined to maintain an impressive lead in U.S. residential broadband connectivity —  Leichtman Research Group has said cable companies currently command close to 67% of the market — industry strategists are working to elevate performance while they stave off threats from rivals that are extending high-capacity fiber networks deep into the nation’s neighborhoods.",0.0,2,,93,0.2
0.0,1.0,0.0,0.0,0.0,1.0,0.0,0.0,1.0,0.0,0.0,"Her historic nomination and decades of relevant experience, though, were not enough to overcome a perfect storm of leverageable issues and opportunities for legislators and industry players who were just as happy not to have a progressive Democrat seated who would give the FCC the majority to potentially restore network neutrality rules, expand the Universal Service Fund fee base or re-regulate radio and TV stations in an effort to stem consolidation.",0.0,11,,71,0.3
0.0,0.0,0.0,0.0,0.0,0.0,0.0,1.0,0.0,1.0,0.0,DirecTV Advertising and  Dish   Media said they have collaborated to create a standardized way for programmers to make more of their national advertising inventory addressable.,2.0,29,,28,0.2
0.0,0.0,0.0,1.0,0.0,0.0,1.0,0.0,0.0,0.0,1.0,"Peter Gonzalez was named chief technology officer at Canela  Media , a digital  media company producing  content for the Hispanic market. The 25-year broadcast veteran comes from WWE, where he was senior VP of the sports entertainment company’s  Media Technology team.",2.0,25,,45,0.3
0.0,0.0,1.0,1.0,0.0,0.0,0.0,1.0,1.0,0.0,1.0,Newly created virtual multichannel  video programming distributors (MVPDs) like  YouTube TV and  Sling TV currently negotiate with broadcast networks for national carriage on behalf of their owned stations and affiliates. The issue recently came to a head when the  CBS affiliate board said a deal reached with Fubo TV did not give affiliates enough value for their local programming,1.0,20.0,,63,0.5
0.0,1.0,0.0,0.0,0.0,1.0,0.0,0.0,0.0,0.0,0.0,"Congress mandated the labels so consumers can better gauge just what kind of broadband service they are getting, including price, speed and quality. The FCC then came up with rules for the program, which they released in a Report and Order. The ACAC/NCTA petition was filed Jan. 17. The rules were passed in November 2022.",0.0,11.0,,55,0.2
0.0,1.0,0.0,0.0,0.0,1.0,0.0,0.0,0.0,0.0,0.0,Standard General and Tegna have accused the FCC of trying to kill the deal through what they see as its slow-roll review. Such hearing designation orders are indeed usually a death knell for deals.,0.0,11,,34,0.2
0.0,0.0,0.0,1.0,0.0,0.0,0.0,0.0,0.0,0.0,1.0,"The  Federal Communications Commission has proposed extending its  audio description mandate to TV stations in all markets by 2035, u0imously approving a Further Notice of Proposed Rulemaking (FNPRM) that would make that the case. The issue is one chair Jessica Rosenworcel is intimately familiar with from her days on Capitol Hill.",1.0,18,,53,0.2
0.0,0.0,0.0,1.0,1.0,0.0,0.0,0.0,0.0,1.0,1.0,"Measurement is one of the foremost, complex and dynamic topics in TV advertising today and in order to continue to move the needle forward on progress and change, we need to work together to address, reconcile and resolve current industry challenges on this front,” Comcast Advertising managing director Marcien Jenckes said. “Our announcement with Nielsen today is the latest proof point and step forward in that journey and we look forward to more continued momentum and innovation in the future.”",2.0,0,,80,0.4
0.0,0.0,0.0,1.0,0.0,0.0,0.0,1.0,0.0,1.0,1.0,"Audience Manager is available in the U.S. and has already been adopted by 13 publishers, with audience matching three to four times better than FreeWheel previously provided.",2.0,26,,27,0.4
0.0,0.0,0.0,1.0,0.0,0.0,1.0,0.0,0.0,1.0,1.0,"Disney has built and owns its new tech stack, as well as an audience graphic that’s built for  streaming with 250 million identifiers representing 112 million households.",2.0,0,,28,0.4
0.0,1.0,0.0,0.0,0.0,1.0,0.0,0.0,0.0,0.0,0.0,"Back when the FCC’s network-neutrality rules were in force,  the general conduct standard was one way data cap foes said the FCC could regulate them. At the time, then-FCC chair Tom Wheeler signaled that usage-based pricing could be an innovative business model, but also indicated the FCC would prevent anticompetitive behavior wherever it concludes it is occurring.",0.0,11,,58,0.2
0.0,0.0,0.0,0.0,0.0,0.0,0.0,0.0,0.0,1.0,0.0,"Data-science VP talks AI applications ahead of Next TV Summit in NYC TV Week on Tuesday, Sept. 12",2.0,24,,18,0.1
0.0,0.0,0.0,1.0,0.0,0.0,0.0,1.0,0.0,0.0,1.0,"Stephanie Dunivan: Actually, Essence has been in the television space over the years. For Time of Essence, the great partnership Essence has with OWN to tell the story of Essence’s 50-year legacy was just a natural fit. With a brand like Essence, people feel a lot of ownership of the brand because it’s been a companion piece across many of our lives, especially if you’re a black woman. So now, to be able to tell this story in this way and peel back the curtain to let people know all the things that it took to keep the last black-owned magazine standing on stands to this day really makes for great TV.",2.0,25,,93,0.3
0.0,0.0,1.0,0.0,0.0,0.0,0.0,0.0,0.0,1.0,0.0,"Yeah, Charter, which has added only 216,000 high-speed internet customers through the first three quarters of 2023 vs. 1.589 million FWA subscribers for T-Mobile, still thinks the wireless guys will run out of network capacity.",0.0,2,,35,0.2
0.0,0.0,0.0,0.0,1.0,0.0,0.0,0.0,0.0,0.0,1.0,BET Plus Essential $5.99 service to feature 15 to 30 second ads before and after shows,2.0,29,,16,0.2
0.0,0.0,1.0,1.0,0.0,0.0,0.0,1.0,0.0,0.0,1.0,"Negotiations with vMVPDs turned awkward this year,  first with CBS affiliates opting out of a deal crafted by CBS owner Paramount Global and FuboTV  , and then with Sinclair pulling its signals from  Hulu .",1.0,20,,38,0.4
0.0,0.0,0.0,0.0,0.0,0.0,1.0,0.0,0.0,1.0,0.0,"Knight said Gusto TV is “all in” on AI and Sanchez said Family Playland is embracing it, too. He added, “As small programmers, it’s helping us compete.”",2.0,24,,27,0.2
0.0,0.0,1.0,1.0,0.0,0.0,0.0,1.0,0.0,0.0,1.0,"In August, WOW! began offering  YouTube TV to new customers at a $10-a-month discount for one year, with the virtual pay TV's billing integrated into their monthly high-speed internet and/or mobile statement.",1.0,20,,33,0.4
0.0,0.0,0.0,1.0,1.0,0.0,1.0,0.0,0.0,0.0,0.0,"Spectrum Reach, the ad sales arm of Charter Communications, said that it plans to help more than 700 multicultural businesses as part of its Pay It Forward initiative in 2023.",2.0,25,,30,0.3
0.0,0.0,0.0,0.0,0.0,0.0,1.0,0.0,1.0,0.0,0.0,"Regional sports networks used to be a good business, drawing big ratings and collecting large license fees from distributors. Sinclair borrowed about $9 billion to buy  the Fox RSNs from The Walt  Disney Co.  Disney acquired the RSNs  when it acquired 21st Century Fox , but had to sell them due to antitrust concerns because it owned ESPN.",2.0,28,,62,0.2
0.0,0.0,0.0,1.0,0.0,0.0,1.0,0.0,0.0,0.0,1.0,"The  series ’ eight-episode sophomore campaign stars Amber Stevens West, Bresha Webb and Corbin Reid as 30-something Black women trying to balance careers and relationships as they pursue their dreams of world domination, according to the network. The  series also stars Stephen Bishop, Tosin Moronfunhola and Erika Alexander.",2.0,25,,50,0.3
0.0,0.0,1.0,0.0,0.0,0.0,0.0,0.0,0.0,1.0,0.0,The apps also enable Tegna’s stations to deliver developing stories without interrupting broadcast programming.,1.0,18,,14,0.2
0.0,0.0,0.0,1.0,0.0,0.0,0.0,1.0,0.0,0.0,0.0,"The Wonder Women awards, key fixtures on the  media calendar since 1999, honor excellence in women leaders in  media businesses including programming and operations,  streaming , marketing, advertising and technology. MCN proudly notes that the luncheon’s event partner, once again, is the  New York chapter of The WICT Network .",2.0,25,,54,0.2
0.0,1.0,0.0,0.0,0.0,1.0,0.0,1.0,0.0,0.0,0.0,"Larry Allen, VP and general manager, data & addressable enablement, Comcast Advertising, said there can be pushback from advertisers set in the traditional ways of buying ads. There used to be one way to buy television, he said, and now there are multiple ways. It can be a lot to sort out.",2.0,29,,52,0.3
0.0,0.0,1.0,1.0,0.0,0.0,0.0,1.0,0.0,0.0,0.0,"The notice of proposed rulemaking (NPRM), which Rosenworcel has teed up for a vote at the commission's December public meeting, would also require multichannel  video programming distributors (MVPDs) to provide rebates to customers who cancel service before the end of a month for which they have already paid.",1.0,20,,49,0.3
0.0,0.0,1.0,0.0,0.0,0.0,0.0,0.0,1.0,0.0,1.0,"Abbott recently spoke to B+C Multichannel News senior  content producer, programming R. Thomas Umstead about the network’s momentum, the rationale behind its June merger with Sony Entertainment’s Pure Flix  streaming service and his thoughts on the business heading into the new year.",2.0,28,,44,0.3
0.0,0.0,0.0,1.0,0.0,0.0,1.0,1.0,0.0,0.0,0.0,"Lindsay Stewart leads strategic direction and business development for AMC Networks’s free, ad-supported  streaming products. Internally tapped to launch the company’s first  FAST partnership with Pluto TV in 2020, Stewart has been integral to the continued development of the company’s growing portfolio of FAST channels, which now includes 13 owned channels like  The Walking Dead Universe , Stories by AMC and AMC Thrillers across platforms including  Samsung TV Plus, The Roku Channel, Vizio, Sling and Redbox. Stewart also was critical to the 2022 creation and launch of the ALLBLK Gems and AMC en Español FAST channels. With over a decade of experience in digital  content strategy, partnerships, marketing and distribution, she joined AMC Networks in 2012.",2.0,29,,93,0.3
0.0,1.0,0.0,0.0,0.0,1.0,0.0,0.0,0.0,1.0,0.0,"In exiting the field, Sohn said she hoped the president would move swiftly on a new nominee. “[I]t is ironic that the 2-2 FCC will remain sidelined at the most consequential opportunity for broadband in our lifetimes,” she wrote in a statement at the time. “This means that your broadband will be more expensive for lack of competition, minority and underrepresented voices will be marginalized, and your private information will continue to be used and sold at the whim of your broadband provider.” ■",0.0,0,,84,0.3
0.0,1.0,0.0,0.0,0.0,1.0,0.0,0.0,0.0,0.0,0.0,Providers call move illegal rate regulation that hurts competition with unregulated streamers,0.0,11,,13,0.2
0.0,0.0,0.0,1.0,0.0,0.0,1.0,0.0,0.0,0.0,1.0,Women’s baseball-themed  series to end after four-episode sophomore campaign,2.0,25,,13,0.3
0.0,0.0,0.0,1.0,0.0,0.0,1.0,0.0,0.0,0.0,1.0,"African-American-targeted network TV One's Crime & Justice FAST channel showcases episodes from several of the network’s most-watched original shows, including Fatal Attraction, Atlanta Homicide, and Sins of the City. The service, which launched in late summer, is currently running on  streaming services  Tubi TV and  Plex .",2.0,25,,50,0.3
0.0,1.0,1.0,0.0,0.0,0.0,1.0,0.0,0.0,1.0,1.0,"MF: We were very disappointed that Nielsen was not ready this year to move away from panel-only data. Nielsen has been talking a lot around their  Nielsen One suite to enable big data plus the Nielsen panel. They were not ready for this year’s upfront to be transacted on it. So most of this year’s upfront will continue to transact on the legacy Nielsen panel-only data sets. But we are running side-by-side shadow currency tests using [other] measuring companies, like I mentioned, to get a better understanding of where the discrepancies between panel only and panel plus big data lie.",2.0,27,,93,0.5
0.0,0.0,1.0,1.0,0.0,0.0,0.0,0.0,0.0,0.0,1.0,"Hulu will debut all six episodes of the 12th and final season of Letterkenny on December 26. The Canadian-based  series stars Jared Keeso, Nathan Dales, Michelle Mylett and K. Trevor Wilson.",1.0,19,,32,0.3
0.0,0.0,0.0,0.0,0.0,0.0,0.0,0.0,0.0,1.0,1.0,B+C has partnered with always-on TV ad measurement and attribution company  iSpot.tv for a weekly ranking called  Promo Mojo : Exclusive data showing TV’s most-promoted programming ranked by ad impressions. Our data covers the seven-day period through January 22.,2.0,29.0,,41,0.2
0.0,0.0,0.0,1.0,0.0,0.0,1.0,0.0,0.0,0.0,1.0,MCN: What is Peacock’s strategy with regard to its investment in live women’s sports programming?,2.0,25,,15,0.3
0.0,0.0,1.0,0.0,0.0,0.0,0.0,0.0,0.0,0.0,1.0,Drescher looked ahead to the next negotiations with the studios.,1.0,17,,13,0.2
0.0,1.0,0.0,0.0,0.0,0.0,0.0,1.0,0.0,0.0,0.0,"In the fi0ce category, insurance companies such as Geico, State Farm and Progressive cut their  streaming spending by 74% to $32.5 million from $123 million a year ago.",1.0,20,,29,0.2
0.0,0.0,1.0,0.0,0.0,0.0,0.0,1.0,0.0,0.0,1.0,"It took three years, but now WOW! has simplified the offering around YouTube TV, which is the biggest vMVPD with over 5 million subscribers.",1.0,20,,24,0.3
0.0,1.0,0.0,0.0,0.0,1.0,0.0,0.0,0.0,0.0,0.0,"In making the proposal, Rosenworcel cited  President Joe Biden’s executive order on Promoting Competition in the American Economy , which “encouraged” the FCC to prohibit “unjust or unreasonable early termination fees for end-user communication contracts,” signaling that Rosenworcel also considers them to be either unjust or unreasonable.",0.0,11,,48,0.2
0.0,0.0,1.0,0.0,0.0,0.0,0.0,0.0,1.0,0.0,0.0,"According to CNBC,  Altice USA and Regent are discussing various cashless transaction formats. One, called an “earn out,” wouldn't include any initial cash payments by the private equity firm. Rather,  Altice USA would receive payments that could total around $50 million based on certain performance goals being met.",2.0,28,,50,0.2
0.0,0.0,1.0,0.0,0.0,0.0,0.0,0.0,0.0,0.0,1.0,"Cheryl Fair, KABC’s president and general manager , said Ono’s work behind the desk is equally vital, especially when handling breaking news. “David carries us through untested waters,” she said. “David puts things in context, explaining them in a way that we can feel like we’re part of what’s happening and that we understand what’s going on.”",0.0,1,,57,0.2
0.0,1.0,1.0,0.0,0.0,1.0,0.0,1.0,0.0,0.0,0.0,"Mark Loughney, a senior consultant, who led the survey, suggested the production disruption caused by the ongoing Writers Guild of America strike could sustain the downward arc found in the survey.",2.0,30,,31,0.4
0.0,0.0,1.0,0.0,0.0,0.0,0.0,0.0,1.0,0.0,0.0,The deal renews a contract that was last re-established when Paramount's broadcast and cable concerns were operating under the ViacomCBS moniker in January 2022.,1.0,16,,24,0.2
0.0,1.0,0.0,0.0,0.0,0.0,0.0,0.0,1.0,0.0,0.0,"Warner Bros.  Discovery might have a different approach, using Paramount’s assets to buttress its own units, including its Max  streaming service, CNN and WBD Sports.",2.0,28,,27,0.2
0.0,1.0,0.0,0.0,0.0,1.0,0.0,0.0,0.0,0.0,0.0,"Schwantes used the opportunity to call on Congress to pass its Junk Fee Prevention Act , which would boost pricing transparency for cable and satellite ""and beyond.""",0.0,11,,27,0.2
0.0,0.0,0.0,1.0,0.0,0.0,0.0,0.0,0.0,0.0,1.0,"At this point, Shell noted that there are parts of the ad market that are doing well. He said the pharmaceutical and entertainment categories were good. “Travel is on fire,” he said.",2.0,29.0,,32,0.2
0.0,0.0,0.0,1.0,0.0,0.0,1.0,0.0,0.0,0.0,1.0,"Netflix also continued to leverage data from Nielsen's monthly U.S. viewership market share tracker, The Gauge. Comparing Gauge data from May 2021 to June 2023,  Netflix illustrated marked upticks in both  Netflix and overall  streaming usage in the U.S. over the last two years.",2.0,27,,47,0.3
0.0,0.0,1.0,1.0,0.0,0.0,0.0,0.0,0.0,0.0,1.0,"On the golf links, NBC and  Golf Channel will provide weekend coverage of the PGA Hero World Challenge, while on the soccer field the USA women’s soccer team plays China in an international friendly matchup Sunday on  TNT .",1.0,17,,41,0.3
0.0,0.0,0.0,1.0,0.0,0.0,1.0,1.0,0.0,0.0,0.0,"For more than a decade and a half, Essence has championed the Black Woman in Hollywood Awards to commemorate the Black women who are the story makers, storytellers, story-doers, and story-sharers that cultivate the entertainment ecosystem that the world cherishes and loves deeply,” Essence Ventures LLC President and CEO Caroline Wanga said in a statement. “We are privileged to have this sacred platform that illuminates the ongoing accomplishments of Black women at our annual luncheon in its 16th year since inception."" ■",2.0,25,,82,0.3
0.0,1.0,1.0,1.0,0.0,0.0,0.0,1.0,0.0,0.0,1.0,"The TV ad marketplace continues to grow, evolve and shift constantly and dynamically, and so we recognized the need to provide a way for advertisers to find and connect with their audiences when, where and how they want to consume  media ,” said  Katy Loria, chief revenue officer of AudienceXpress and FreeWheel , Comcast’s ad tech company. “This new partnership brings together some of the core strengths and assets of two key industry players to deliver a much needed way for advertisers to navigate and thrive in today’s TV ad ecosystem.”",2.0,29,,93,0.5
0.0,1.0,0.0,0.0,0.0,1.0,0.0,0.0,0.0,0.0,0.0,"With a majority, Democratic FCC chair Jessica Rosenworcel will be able to tackle controversial issues including restoring network neutrality rules, reforming the FCC's Unversal Service Fund (USF) subsidies, and potentially re-regulating broadcasting and applying regulations to streamers for the first time. That last item is likely a nonstarter unless Congress weighs in to make it explicit that the FCC has authority over over-the-top  video .",0.0,11.0,,66,0.2
0.0,1.0,0.0,1.0,0.0,1.0,1.0,0.0,0.0,0.0,0.0,"Although we are disappointed in the court’s ruling, I have always known as one of the few Black  media entrepreneurs in America that the fight for equality in  media is always going to be difficult,” McCoy said in a statement. “We firmly believe that Dish and AT&T [which spun off DirecTV but still owns a major stake] are both discriminatory companies in contracting. Separately and individually they discriminate!”",2.0,25,,70,0.4
0.0,1.0,0.0,1.0,0.0,1.0,0.0,0.0,0.0,0.0,1.0,"The withdrawal of Ms. Sohn’s nomination is a major victory and represents a strong bipartisan agreement that we need a fair and impartial candidate who can receive the support needed for confirmation,” he said. “The FCC is not a place for partisan activists; free speech is too important. Now, it’s time for the Biden administration to put forth a nominee who can be confirmed by the full Senate and is committed to serving as an even-handed and truly independent regulator.”",0.0,11,,80,0.4
0.0,0.0,0.0,1.0,1.0,0.0,0.0,0.0,0.0,0.0,1.0,"Hispanics who engaged with the videos were also 1.6 time more likely to consider the brand featured as a “leader,” a key KPI for Toyota’s brand identity.",2.0,25,,27,0.3
0.0,0.0,1.0,0.0,0.0,0.0,1.0,0.0,0.0,0.0,1.0,"We’re building Jennifer Hudson to be a long-term franchise for the studio and our hope is to be in business with her for many years,” Matt Matzkin, executive VP, business operations and production for Warner Bros. Unscripted Television, said.",1.0,17,,39,0.3
0.0,0.0,0.0,1.0,0.0,0.0,1.0,0.0,0.0,0.0,1.0,"They have so many different properties that hit our target audience, so we're able to really laser-focus on who we want to target, and NBC has a lot of those capabilities,” Young said.",2.0,25,,33,0.3
0.0,0.0,1.0,0.0,0.0,0.0,0.0,0.0,0.0,0.0,1.0,"Leichtman Research Group believes the  Google vMVPD added 100,000 customers in Q1, making it the only U.S. operator that grew during the quarter",1.0,20,,24,0.2
0.0,0.0,0.0,1.0,0.0,0.0,0.0,1.0,0.0,0.0,0.0,"Since adopting FreeWheel’s Audience Manager, we’ve been able to target our inventory with improved ingestion and activation speed,” Seth Wernick, senior VP, revenue operations at  Crackle , said. “FreeWheel has made a significant impact on our audience-based campaigns as we look to reach consumers across today’s fragmented TV ad ecosystem.”",2.0,29,,51,0.2
0.0,0.0,0.0,1.0,0.0,0.0,0.0,0.0,0.0,0.0,1.0,Bravolebrities will stop by the shop and there will be sweepstakes and merchandise giveaways.,2.0,25,,14,0.2
0.0,0.0,0.0,1.0,1.0,0.0,0.0,0.0,0.0,1.0,1.0,"One perk of building FAST (free, ad-supported TV) channels is the abundance of user data one gets back, Adlman said.",2.0,0,,20,0.4
0.0,0.0,1.0,1.0,0.0,0.0,0.0,0.0,0.0,0.0,1.0,"The company also lost 24,000 wireless customers, finishing the year with 7.983 million. ■",2.0,28.0,,14,0.3
0.0,0.0,0.0,1.0,0.0,0.0,1.0,1.0,0.0,0.0,1.0,"The studios said they also met “nearly all” of the union’s demands on casting, including guardrails around self-tapes, options for virtual and in-person auditions, and accommodations for performers with disabilities.",2.0,25,,30,0.4
0.0,0.0,0.0,0.0,0.0,0.0,1.0,0.0,0.0,1.0,0.0,"Our networks have grown with the growth of virtual MVPDs during this quarter,” she said. “We are planning to launch additional free ad-supported, or FAST, channels in the coming months.”",2.0,29.0,,30,0.2
0.0,0.0,1.0,1.0,0.0,0.0,0.0,0.0,0.0,0.0,1.0,"Google -owned YouTube, which just agreed to pay the National Football League $2.5 billion a season for  the “NFL Sunday Ticket” out-of-market games package , is jacking up the price.",1.0,16,,31,0.3
0.0,1.0,0.0,0.0,0.0,1.0,0.0,0.0,0.0,0.0,0.0,Federal Communications Commission chair Jessica Rosenworcel is proposing to put the onus on cable and satellite operators to inform the agency if a broadcast channel they carry has gone dark for an extended period due to a retransmission-consent impasse and to refund subscribers for those extended blackouts.,0.0,11,,47,0.2
0.0,0.0,0.0,1.0,0.0,0.0,0.0,0.0,0.0,1.0,1.0,* Personalization features that tailor a user’s experience towards their favorite teams and players.,2.0,26,,14,0.3
0.0,1.0,0.0,0.0,0.0,1.0,0.0,0.0,0.0,0.0,0.0,"Fox suggests that to deny the renewal would be a case of the government trying to tell it how to run its news operation. While Fox concedes that broadcast speech has lesser protection from regulation than other  content , thanks to  the Supreme Court decision in the Red Lion case , it says that in the context of license renewals, the FCC has signaled it will tread lightly.",0.0,11.0,,70,0.2
0.0,0.0,0.0,1.0,0.0,0.0,1.0,0.0,0.0,0.0,1.0,"Historias de Amor: Delightful romantic comedies and emotionally charged dramatic sagas of love and revenge. Based on authentic storytelling, offering familiar  content for the bilingual U.S. Latino population.",2.0,25,,29,0.3
0.0,0.0,1.0,1.0,0.0,0.0,0.0,0.0,0.0,0.0,1.0,Adam Symson with WNBA commissioner Cathy Engelbert. Scripps added games from the league to its Ion network’s schedule as part of its plan to heavy up on sports   content . (Image credit: Mike Lawrence/NBAE via Getty Images),1.0,17,,39,0.3
0.0,0.0,1.0,1.0,0.0,0.0,0.0,1.0,0.0,0.0,1.0,"Scripps already has extensive experience dealing with vMVPDs through its national networks division. Scripps has gained carriage of its digital over-the-air broadcast networks on vMVPDs including YouTube TV, which is now carrying Scripps’ Ion, Bounce and Court TV channels.",1.0,20.0,,39,0.4
0.0,1.0,1.0,0.0,0.0,1.0,0.0,1.0,0.0,1.0,0.0,"We received volumes of public comments from businesses, consumer groups, and regular citizens. We built a diverse record, analyzed all the input, and … chose to let  streaming develop without those old regulations. Well, 10 years later, it turns out that  streaming services didn’t need those old rules to bring new and meaningful stories, opportunities, and options to life for consumers. The  streaming industry’s groundbreaking storytellers and engineers, not FCC regulations, are delivering those benefits to the market by investing bravely and embracing new technology.",0.0,11,,88,0.5
0.0,1.0,0.0,1.0,1.0,1.0,0.0,0.0,0.0,1.0,1.0,"Ultimately, connectivity hinges upon advancements in the privacy-focused use of data to unite audiences. This will impact the ability to provide advertisers with everything from the basic building blocks of reach and frequency to the more sophisticated capabilities now possible on TV viewing platforms, such as advanced targeting and addressability. And in the end, it is what will allow us to provide the level of measurement and attribution necessary to allow advertisers to continue to invest in the premium  video marketplace. The need for innovation in the use of data to fuel new measurement solutions is the impetus behind  the launch of the unprecedented U.S. Joint Industry Committee (JIC) for premium  video measurement, whose members were present and outspoken across Cannes stages this year.",2.0,27,,93,0.6
0.0,0.0,1.0,1.0,0.0,0.0,0.0,0.0,0.0,0.0,1.0,"Earlier this week, the Wall Street Journal reported that  Amazon is in talks with the RSN operator about possibly propping it up with an investment and plying its direct-to-consumer  streaming rights to  Amazon Prime   Video .",2.0,25,,41,0.3
0.0,0.0,0.0,1.0,0.0,0.0,1.0,0.0,0.0,0.0,1.0,"Dish Network swung to a loss in the third quarter as it lost 64,000 pay-TV subscribers.",2.0,28,,16,0.3
0.0,0.0,0.0,1.0,0.0,0.0,1.0,0.0,0.0,0.0,1.0,"With major changes to the traditional  video business, a continually shrinking subscriber base and increased competition from emerging technologies, NCTC executives said the conference will look to educate and inform member distributors who have their hands full keeping their future business prospects in line with the evolving landscape.",2.0,28,,49,0.3
0.0,1.0,0.0,0.0,0.0,1.0,0.0,0.0,1.0,0.0,0.0,Grabs at what it calls suggestion FCC could find way to ‘yes’ on station-group merger,0.0,11,,15,0.3
0.0,1.0,0.0,0.0,0.0,1.0,0.0,0.0,0.0,0.0,0.0,"The  Media and Democracy Project (MAD), citing  Fox’s settlement of the Dominion Voting Systems lawsuit over election misinformation , in July  challenged the renewal of Fox-owned WTXF Philadelphia , and by extension Fox’s character qualifications for holding any TV station licenses at all.",0.0,11.0,,46,0.2
0.0,0.0,1.0,1.0,0.0,0.0,0.0,0.0,0.0,0.0,1.0,"Optimum continues to make steady progress on our mission to be the connectivity provider of choice in every community we serve as we drive improved operational and customer experience metrics across the board. Creating dedicated Consumer and Business Services teams as well as doubling down on innovation best positions us to accelerate our initiatives, strengthen our operations, meet customer needs, and return to growth,” said  Altice USA CEO Dennis Mathew.",2.0,25,,71,0.3
0.0,0.0,1.0,0.0,0.0,0.0,1.0,0.0,0.0,1.0,1.0,"Social Trends with a Focus on AI and Privacy:  Twitter continues to shed advertisers and users as it struggles with brand safety,  content moderation, and executive departures following Elon Musk’s acquisition of the platform. TikTok continues to increase its share of  video time spent, providing consumers with an effective quick hit of entertainment dopamine. Meanwhile, a bill to ban the platform is gaining steam in Congress.",2.0,28.0,,69,0.4
0.0,0.0,1.0,0.0,0.0,0.0,0.0,0.0,1.0,0.0,1.0,DirecTV said it added  Weigel Broadcasting ’s Heroes & Icons digital broadcast network to its satellite pay TV platform.,2.0,28,,20,0.3
0.0,0.0,0.0,1.0,0.0,0.0,1.0,0.0,0.0,1.0,1.0,"Throughout his tenure, Kim has played an integral role in Showtime’s evolution from a linear network to a bonafide  streaming service, establishing a first-in-class data science group. He is a pioneer in brand strategy, always prioritizing our  content and being mindful of how it would inform our growth while showing great reverence for the creative process and our audience's feedback,” the memo said. “Although we are very sad to see him go, don’t worry, he will be around for some time to help with the transition and consult,” the memo said.",2.0,27,,93,0.4
0.0,0.0,1.0,0.0,0.0,0.0,0.0,0.0,1.0,0.0,0.0,"An October 2023 Next TV  review of the Xumo Stream Box plug-in device noted that while lack of second-tier apps was still problematic, “the Stream Box could be the Trojan Horse that ultimately extends Big Cable’s control of the connected living room.”",2.0,28,,43,0.2
0.0,0.0,0.0,1.0,1.0,0.0,1.0,0.0,0.0,0.0,1.0,"Incorporating Hispanic culture in television is another key message, seen in back-to-back morning marketing sessions concerning brand advertising and cable- subscription acquisition and retention.",2.0,25.0,,24,0.4
0.0,0.0,0.0,1.0,1.0,0.0,1.0,0.0,0.0,1.0,1.0,"In our current  media landscape, there are two principal drivers of change. On the one hand, new and forthcoming privacy standards (and the actions of platforms to comply with them) have deprecated the cookie and mobile IDs while giving rise to new categories such as customer data platforms (CDPs),  clean rooms and alternative IDs. On the other hand, the rise of new channels like connected TV (CTV) and  the shift toward omnichannel   media consumption have forced marketers to seek new ways to target, buy and measure advertising while transforming their own workflows and operations.",2.0,0,,93,0.5
0.0,0.0,0.0,1.0,0.0,0.0,1.0,1.0,0.0,1.0,0.0,"The study found that 84% of FAST ad buyers expect their spending on such services to grow in 2024, with 48% of buyers saying they currently use FAST channels in their  media planning and buying.",2.0,29,,36,0.4
0.0,0.0,0.0,0.0,0.0,0.0,0.0,1.0,0.0,0.0,0.0,Zaslav noted that  HBO Max has begun selling advertising on HBO originals. The company began offering pre-roll spots — commercials that run before the start of a show like The Last of Us without creating commercial breaks that interrupt the program.,2.0,29.0,,42,0.1
0.0,0.0,0.0,1.0,0.0,0.0,1.0,0.0,0.0,0.0,1.0,"Dish lost 64,000 pay TV subscribers in the third quarter and posted a $139 million loss.",2.0,28,,16,0.3
0.0,0.0,0.0,1.0,0.0,0.0,0.0,0.0,0.0,0.0,1.0,Tucci — Heart of Italy’ explores the complexity of Italy through its cuisine,2.0,25,,13,0.2
0.0,0.0,0.0,1.0,0.0,0.0,1.0,0.0,0.0,0.0,1.0,"Across the board, the 2023 U.S. Women’s Open was a record-breaking championship, in large part due the commitment by NBCU to showcase the championship and its players with more programming across more hours, including primetime on the East Coast,” USGA chief commercial officer Jon Podany said. “The record-breaking  streaming numbers on Peacock are a testament to that commitment, as well as the growing interest in the U.S. Women’s Open and women’s golf as a whole.”",2.0,25,,76,0.3
0.0,0.0,0.0,1.0,0.0,0.0,1.0,1.0,0.0,0.0,1.0,"Another extends brand and category analysis, with insight as to how brands and advertiser categories are performing within specific  media properties and across competitive networks and apps.",2.0,27.0,,28,0.4
0.0,1.0,0.0,1.0,0.0,1.0,0.0,0.0,0.0,0.0,1.0,"In his blog post, LeGeyt cited Menendez's speech, calling it the latest in a chorus of alarm bells over the FCC’s “flawed merger review process.” He said that process —and the prospect it would kill the deal — risks undermining both investment in local television stations’ free service to the public and  media diversity.",2.0,0,,55,0.4
0.0,0.0,0.0,1.0,0.0,0.0,1.0,0.0,0.0,0.0,1.0,"The company lost 700,000 direct-to-consumer subscribers in the quarter, but average revenue per subscriber rose 6% to $7.82.",2.0,28,,18,0.3
0.0,0.0,0.0,1.0,0.0,1.0,1.0,0.0,0.0,0.0,0.0,"Over the past few years with COVID and the racial reckoning and so many other things, we have become better at truly understanding what people need and creating a culture around that rather than a culture around what the outputs are,” she said.",2.0,25,,43,0.3
0.0,0.0,1.0,1.0,0.0,0.0,0.0,1.0,0.0,0.0,1.0,"Content Room’s branded  content is becoming more popular as advertisers look beyond simply airing 30-second spots, DiGiacomo said. “It’s about being innovative and how and where we target our audience’s ever-growing distribution footprint that now includes not only linear, but digital  streaming and a strong presence on CTV with our FAST Channels.”",2.0,29,,54,0.4
0.0,1.0,0.0,0.0,1.0,0.0,1.0,0.0,0.0,0.0,0.0,"Apple isn’t the only major U.S. SVOD to raise prices, with Netflix just last week  confirming a new round of increases . However, unlike Netflix,  Amazon Prime Video ,  Disney Plus and others, Apple lacks an economical ad-based tier to steer price-inelastic customers into.",2.0,29,,47,0.3
0.0,0.0,0.0,0.0,0.0,0.0,1.0,1.0,0.0,0.0,0.0,"Viamedia offers operational management of all aspects of the advertising sales business Included is a state-of-the-art, highly scalable Network Operations Center (NOC) that services all markets, with experienced supporting ad sales teams selling for over 70 MVPDs in 28 states covering 65 designated market areas (DMAs) in the United States.",2.0,29.0,,50,0.2
0.0,0.0,1.0,1.0,0.0,0.0,0.0,0.0,0.0,0.0,1.0,"In the meantime, YouTube had begun to shape-shift its  content persona. In 2010, when Verizon added YouTube to Fios TV, the YouTube service was still viewed mostly as a jumble of short-form  video — everything from user-contributed shorts to music snippets to how-to videos.",1.0,0,,46,0.3
0.0,0.0,0.0,1.0,0.0,0.0,0.0,0.0,0.0,0.0,1.0,"Also, 76% of Latinx TV viewers watch free  streaming services compared to just 14% in 2019. FAST services such as  YouTube ,  Tubi ,  Pluto TV ,  Roku and  Freevee account for a majority of free  streaming service viewing, according to the survey.",2.0,0,,50,0.2
0.0,0.0,1.0,0.0,0.0,0.0,0.0,1.0,0.0,1.0,0.0,"Stepping away from the competitive cable vs. wireless discussion, meanwhile, Winfrey also took a moment to tout the  billions of dollars in subsidies the Biden administration is throwing at cable companies to execute the buildout of rural internet.",0.0,2,,39,0.3
0.0,0.0,1.0,1.0,0.0,0.0,0.0,1.0,0.0,0.0,1.0,"Verizon is still  delivering 12 free months of   Netflix Premium to wireless, 5G Home and LTE Home customers who sign up for Starz Play via  its wholesale   subscription market, +play . That promotion was initiated back in July.",2.0,26,,44,0.4
0.0,0.0,0.0,0.0,0.0,0.0,0.0,1.0,0.0,0.0,0.0,"Game Plus, a subsidiary of Anthem Sports & Entertainment that focuses on live sports and wagering  content , is moving into the chess business through a programming partnership with Chess.com.",2.0,25,,31,0.1
0.0,0.0,1.0,0.0,0.0,0.0,0.0,0.0,0.0,1.0,0.0,The current standard of 25 Mbps downstream/3 Mbps upstream was established back in 2015.,0.0,2,,14,0.2
0.0,0.0,0.0,1.0,0.0,0.0,0.0,0.0,0.0,0.0,1.0,"Having said that, what then is Africa Channel’s target audience sweet spot? I will just say broadly, our audience is people of African descent who have made their home voluntarily or involuntarily outside of the continent of Africa. The secondary audience is those who have an interest in travel, lifestyle and culture, particularly that of Africa and its people.",2.0,25.0,,59,0.2
0.0,0.0,1.0,0.0,0.0,0.0,0.0,0.0,0.0,1.0,0.0,"America can expect a good return on its investment to make broadband affordable for every household.  Research shows a high correlation between increased broadband penetration and GDP growth, with some studies even suggesting a causal relationship. The World Bank estimated that a 10 percentage point increase in broadband penetration can lead to a 1.2% jump in real per capita GDP growth in developed economies.",0.0,2.0,,65,0.2
0.0,0.0,0.0,1.0,1.0,0.0,0.0,1.0,0.0,0.0,0.0,"She credits the women who came before her for helping break down barriers and push for change, adding that her generation has done the same. “There’s a sense among women in the field of banding together, of providing wrap-around support and pulling through the next group to pay it forward,” Harwood said. “Now we’re getting a multiplier effect for those efforts.”",2.0,25,,61,0.3
0.0,0.0,1.0,0.0,0.0,0.0,0.0,0.0,0.0,0.0,1.0,"E.W. Scripps said it has launched a national ad campaign for  Tablo , its device that enables whole-home recording and viewing of over-the-air broadcasts and free ad-supported  streaming channels.",2.0,29,,31,0.2
0.0,0.0,1.0,0.0,0.0,1.0,0.0,1.0,0.0,0.0,0.0,WCVB got regional Emmy Awards in 10 categories this year and helped raise more than $37 million for charities through station-sponsored events.,1.0,0,,22,0.3
0.0,0.0,0.0,1.0,0.0,0.0,1.0,0.0,0.0,0.0,0.0,"The  streaming channels will be built around a broad range of NBCU entertainment, news, sports and Spanish-language  content , from  Saturday Night Live and Bravo favorites Top Chef, Real Housewives and Keeping Up With The Kardashians to black-and-white classics including The Lone Ranger, Lassie and Alfred Hitchcock Presents.",2.0,25,,51,0.2
0.0,0.0,0.0,1.0,0.0,0.0,0.0,0.0,0.0,0.0,1.0,"One of the best parts about the movie-watching experience is to get with your friends to talk about your favorite actors, the best lines, the biggest action scenes and more,” Turner Networks president Jason Sarlanis said in a statement. “With Friday Night Vibes, we’re creating that experience with the brilliant and hilarious Nina Parker and Kevin Fredericks whose wealth of pop culture and  film knowledge, mixed with their amazing charisma and humor, will create a fun and lively watch-along experience for  film fans every month.”",2.0,25,,87,0.2
1.0,0.0,1.0,0.0,0.0,0.0,0.0,0.0,0.0,1.0,0.0,"Not only did veteran  Cisco Systems executive Michael Glickman  assume the reins in July from the only CEO Casa Systems has ever known, the founder himself, the retired Jerry Guo, he did at so at a low point for cable broadband technology vendors in general, with operators’ mouths full chewing on inventories frantically amassed during high pandemic usage levels.",0.0,2,,61,0.3
0.0,0.0,0.0,1.0,0.0,0.0,0.0,0.0,0.0,1.0,1.0,"Interruption Rate: The percentage of devices that were present at the beginning of the ad but did not complete watching the ad. Actions that interrupt ad play include changing the channel, pulling up the guide, fast-forwarding or turning off the TV. The Interruption rate is measured on a scale of zero to 100%.",2.0,29.0,,53,0.3
0.0,1.0,0.0,0.0,0.0,1.0,0.0,0.0,0.0,0.0,0.0,"Seven years ago, the world was promised a digital apocalypse when the Pai FCC repealed ‘net neutrality’ regulations,” said Evan Swarztrauber, senior adviser at the Foundation for American Innovation and former adviser to Trump-era FCC chair Ajit Pai [whose FCC eliminated the rules] and commissioner Brendan Carr. “Those false flames of fear contributed to an environment that led to death threats against FCC Commissioners and their families and a bomb threat called into the Commission on the day of the repeal vote. Not only did the predictions fail to materialize, but America’s internet got faster, more available, more competitive and cheaper when adjusted for inflation. [S]o here the FCC goes again — hitting the pingpong ball across the table for another waste of time and taxpayer resources that has a very good chance of being struck down at the Supreme Court.”",0.0,11,,93,0.2
0.0,0.0,0.0,0.0,0.0,1.0,0.0,0.0,0.0,1.0,0.0,B+C: What are your predictions for FAST in 2024?,2.0,29,,13,0.2
0.0,0.0,0.0,1.0,0.0,0.0,1.0,0.0,0.0,0.0,1.0,Paramount chief fi0cial officer Naveen Chopra said the company is betting that the combination of Paramount Plus and Showtime “provides a better experience for consumers while simultaneously unlocking material fi0cial benefits for both our TV  media and DTC businesses.”,2.0,28.0,,40,0.3
0.0,0.0,0.0,1.0,0.0,0.0,1.0,1.0,0.0,0.0,1.0,84% of buyers expect to increase FAST spending in 2024,2.0,29,,13,0.4
0.0,0.0,0.0,0.0,1.0,1.0,0.0,0.0,0.0,1.0,1.0,"The democratization of  generative AI  has brought about a transformative shift in society, empowering individuals to actively participate in communication and  content creation. This shift is exemplified by  platforms like ChatGPT  and the rise of discursive communication, which have significantly influenced interactive and creative experiences. AI chatbots provide accessible support by offering valuable information, resources and emotional assistance, particularly in situations where human interaction may be challenging. The ability to express oneself to a nonjudgmental AI and the convenience and anonymity of digital communication are highly valued advantages.",2.0,24,,93,0.4
0.0,0.0,0.0,1.0,0.0,0.0,0.0,0.0,0.0,0.0,1.0,"Ray Hopkins, president of U.S. Networks Distribution at Paramount , observed that Scripps has always taken a lot of pride in its local journalism.",2.0,25,,24,0.2
0.0,0.0,0.0,1.0,0.0,0.0,0.0,0.0,0.0,0.0,1.0,"This is Detroit, a major market,”  Wendy McMahon, president and CEO of CBS News and Stations and CBS   Media Ventures , said. “How do we not have news? How are we not serving the local viewer in that market?”",2.0,25,,42,0.2
0.0,0.0,0.0,1.0,0.0,0.0,0.0,1.0,0.0,1.0,1.0,"We are thrilled about the opportunity to expand our partnership with Walmart Connect,” said Matt Cleary, U.S. head of retail and eCommerce, Global Business Solutions at TikTok. “By marrying TikTok’s ability to drive product  discovery with Walmart Connect’s rich customer insights and broad product assortment, we are creating new ways for brands to reach key audiences in a measurable and joy-filled environment, further connecting the path between inspiration and action.”",2.0,26,,71,0.4
0.0,1.0,1.0,0.0,0.0,1.0,0.0,0.0,0.0,0.0,0.0,"A few hundred picketing writers walked along West 26th Street in Manhattan during the afternoon of May 5, making their voices heard about  the terms facing television and   film writers in the modern age . The  Writers Guild of America strike began May 2.",2.0,30,,48,0.3
0.0,0.0,0.0,1.0,0.0,0.0,0.0,0.0,0.0,0.0,1.0,"Under Beau’s successful leadership, Telemundo has remained a highly influential voice to Spanish-speaking audiences throughout the nation,” Conde, who also is a  former Telemundo chairman, said. “He has led Telemundo during a transformative time. He and the team delivered innovative  content across all platforms and record fi0cial results. I look forward to continuing to work closely with him in his new role.”",2.0,25,,64,0.2
0.0,0.0,0.0,1.0,0.0,0.0,0.0,1.0,0.0,0.0,1.0,"The Daily Beast reported that Rustin, ""is a thrilling, defining moment for the gay civil rights activist history books too often ignore, with a Colman Domingo performance that should have Oscar calling.""",2.0,25,,32,0.3
0.0,0.0,1.0,0.0,0.0,0.0,0.0,0.0,1.0,0.0,1.0,Ripley said that about deals representing about 50% of Sinclair’s distribution would be renegotiated before the end of the year. Another 40% are up for renewal in early 2024. That means that Sinclair hasn’t had a chance to reset rates for most of its footprint for at least two years.,1.0,17.0,,50,0.3
0.0,0.0,0.0,1.0,0.0,0.0,0.0,1.0,0.0,1.0,1.0,"FreeWheel, Comcast’s ad tech company , said it made a deal with OrkaTV that will help its clients reach target audiences on free ad-supported  streaming television (FAST) channels.",2.0,29,,29,0.4
0.0,1.0,0.0,0.0,0.0,1.0,0.0,0.0,0.0,0.0,0.0,She said the FCC should investigate the deplatforming and the related issues of bundling and most favored nation clauses.,0.0,11.0,,19,0.2
0.0,0.0,0.0,1.0,1.0,0.0,0.0,0.0,0.0,1.0,0.0,Scanlon said that starting a FAST now is similar to starting a cable network back in the day.,2.0,29,,18,0.3
0.0,0.0,0.0,1.0,0.0,0.0,0.0,0.0,0.0,1.0,1.0,"Comcast data will be incorporated into Dynata’s advertising solutions product suite, enabling marketers to combine viewer data with Dynata’s real-time survey data to assess the performance of campaigns across broadcast, cable,  streaming and addressable television with a single-source approach.",2.0,0,,40,0.3
0.0,0.0,0.0,1.0,0.0,0.0,1.0,0.0,0.0,0.0,1.0,"Dish finished the quarter with 8.84 million pay TV subscribers, down from 8.904 million at the end of the second quarter and 10.02 million a year ago.",2.0,28,,27,0.3
0.0,0.0,1.0,0.0,0.0,0.0,0.0,0.0,0.0,1.0,0.0,"Under Symson, Scripps has been leaning into linear television, particularly over-the-air broadcasting.  Buying Ion, with its national footprint, gave Scripps more stations, more spectrum and more coverage.",0.0,2,,28,0.2
0.0,0.0,1.0,0.0,0.0,0.0,0.0,0.0,0.0,1.0,0.0,"Besides tracking health care and other applications, Dzuban also is keen on a new flavor of “convergence” that unites cable’s wireline broadband capabilities with the industry’s fast-growing mobile communications business. Devising ways to unify these networking concepts so that users perceive almost no gap between the two is a focal point for SCTE, which will stage a “Mobility Pavilion” at the upcoming conference. As the two technologies intertwine,  the CableLabs subsidiary is also focused on “operationalizing” the industry’s tech advancements — transferring knowledge and skills throughout member organizations — as a way to achieve competitive superiority.",0.0,2,,93,0.2
0.0,0.0,0.0,1.0,0.0,0.0,1.0,0.0,0.0,1.0,1.0,"Viamedia said it launched Parrot Ad Decisioning Systems, a new managed service that enables multichannel  video programming distributors (MVPDs) to insert regionally targeted ads on linear systems to match the local ads running on traditional cable TV systems.",2.0,29,,39,0.4
0.0,0.0,0.0,1.0,0.0,0.0,0.0,0.0,0.0,0.0,1.0,"The ‘60s, ‘70s, and ‘80s were packed with iconic music, groundbreaking  movies , legendary  series , timeless fashion, and so much more, with each era leaving an indelible mark on entertainment that remains to this day. Whether you lived through it or wish you had, this block is the perfect chance for our intergenerational audience to fall in love with these decades all over again, and we invite viewers of all ages to join in on the fun as we take the ultimate trip down memory lane,” Daryl said.",2.0,25,,91,0.2
0.0,0.0,1.0,1.0,0.0,0.0,0.0,0.0,0.0,0.0,1.0,"In their petition, Standard General and Tegna have argued the transaction will created a minority-owned company and expand local reporting and programming.",2.0,25,,22,0.3
0.0,0.0,0.0,1.0,0.0,0.0,0.0,0.0,0.0,0.0,1.0,"But No. 4 company Dish Network lost 805,000 satellite TV customers last year vs. 595,000 a year prior. It lost nearly 10% of its satellite TV base last year. Those customer ranks stand at only around 8.6 million.",2.0,28.0,,38,0.2
0.0,0.0,1.0,1.0,0.0,0.0,0.0,1.0,1.0,0.0,1.0,"Virtual multichannel  video programming distributors like  Hulu Plus Live,  YouTube TV  and  FuboTV  don’t negotiate directly with stations for their retransmission rights. Instead, vMVPD deals are negotiated by the networks, which negotiate terms for their affiliates.",1.0,20,,42,0.5
0.0,0.0,0.0,1.0,0.0,0.0,0.0,0.0,0.0,1.0,1.0,Also: Spectrum Reach Brings   Streaming to Self-Service Advertising Portal,2.0,29.0,,13,0.3
0.0,0.0,0.0,0.0,0.0,0.0,0.0,1.0,0.0,0.0,1.0,"How the bits make it from point A to point B on a screen doesn’t matter, whether it’s a set-top box, tablet or mobile phone. Under the hood, CTV is still just television that happens to be delivered over IP. And FAST? Besides a cool-sounding acronym, free ad-supported television is still the traditional broadcast model. I don’t pay to watch CBS broadcast TV free over the air — advertisers do!",2.0,29.0,,70,0.2
0.0,0.0,0.0,1.0,0.0,0.0,0.0,0.0,0.0,0.0,1.0,B+C: What datasets are most valuable for the addressable marketplace?,2.0,27,,13,0.2
0.0,0.0,0.0,1.0,0.0,0.0,1.0,0.0,0.0,0.0,0.0,"Comcast lost 32,000 high-speed internet users through the first nine months of this year, and it's expected to be losing more in the ongoing fourth quarter.",2.0,28,,26,0.2
0.0,0.0,0.0,1.0,0.0,0.0,0.0,0.0,0.0,1.0,1.0,Advertisers can use contextual targeting capabilities,2.0,29,,13,0.3
0.0,0.0,1.0,0.0,0.0,0.0,1.0,0.0,0.0,0.0,0.0,"Smith knows the market well. She was named KCCI news director in 2018, the first woman in that role. After graduating from Drake University in Des Moines, Smith got her start at KCCI as a producer, then moved on to newsrooms in Columbus, Ohio, and Pittsburgh before heading back to Des Moines.",0.0,1,,52,0.2
0.0,0.0,1.0,1.0,0.0,0.0,0.0,0.0,0.0,0.0,1.0,"On Sunday, ESPN will air the College Football Playoff selection show, which will finalize the postseason matchups.",1.0,17,,17,0.3
0.0,0.0,0.0,1.0,0.0,0.0,1.0,0.0,0.0,1.0,1.0,"The report also looked at today’s viewing patterns and ad buying and selling practices based on data from its Effectv ad sales unit and FreeWheel, Comcast’s ad technology company.",2.0,0,,29,0.4
0.0,0.0,1.0,1.0,0.0,0.0,0.0,1.0,0.0,0.0,1.0,"Also, 57% of all Sunday Ticket subscribers arrive via  Google 's virtual MVPD, Antenna said. This data conflicts with  Morgan Stanley Research numbers published last month that suggested only around 20% of subscribers come from YouTube TV vs. the YouTube Primetime Channels marketplace.",1.0,20,,45,0.4
0.0,0.0,1.0,0.0,0.0,0.0,0.0,0.0,0.0,1.0,0.0,"Congress provided $65 billion in  the Infrastructure Investment and Jobs Act (IIJA) for broadband infrastructure. The National Technology and Information Administration (NTIA) is overseeing $48.2 billion of that, mostly going to states via  the BEAD program . No state got less than $100 million and over a third--`19-got over a billion dollars.",0.0,2,,54,0.2
0.0,1.0,0.0,0.0,0.0,1.0,0.0,0.0,0.0,0.0,0.0,"Cantwell told Rosenworcel that Congress should create a new copyright regime for linear TV  streaming services so that broadcasters can more easily be compensated, but that the FCC did not have to wait around for Congress to get to it.",0.0,11,,41,0.2
0.0,1.0,0.0,0.0,0.0,0.0,0.0,0.0,0.0,1.0,0.0,"""The reconfirmation of Commissioners Starks and Carr will allow the FCC to get down to business without worrying about possible disruptions,"" said Benton Institute for Broadband & Society Senior Counselor Andrew Jay Schwartzman: . Commissioner Starks has provided stalwart support for  media diversity and rapid broadband deployment, especially to those people and places that too many others have neglected. Benton does not always agree with Commissioner Carr, but in a time of deep partisan division, we do very much appreciate his collaboration on many issues, especially on spectrum matters.""",0.0,11,,90,0.2
0.0,0.0,1.0,1.0,0.0,0.0,0.0,1.0,0.0,0.0,0.0,"Parrot ADS presents an enormous opportunity for MVPDs to effortlessly package and execute their linear inventory with connected TV (CTV) inventory, all while better serving their local communities, businesses and advertisers,”  Viamedia CEO David Solomon said. “Parrot ADS is not just a solution; it’s a revolution in advertising. Its simplicity and efficiency during this pivotal transitionary phase are unparalleled. It’s a genuine win for all stakeholders.”",1.0,20,,67,0.3
0.0,0.0,1.0,1.0,0.0,0.0,0.0,0.0,0.0,0.0,1.0,"TNT’s in-season tournament game between the Golden State Warriors and the Sacramento Kings was the most-watched non-football game this week, averaging 2 million viewers. The game was the most watched of the inaugural tournament, which averaged 1.35 million viewers across  ESPN ,  TNT , and NBA TV, according to SportsMedia Watch.",1.0,17,,53,0.3
0.0,1.0,0.0,0.0,0.0,1.0,0.0,0.0,0.0,0.0,0.0,"In December 2022, the Federal Communications Commission launched a rulemaking proposal — as part of its implementation of the  Bipartisan Infrastructure Act — that aims to prevent digital discrimination. That proposal would sanction both unintentional and intentional discrimination in the provision of internet access service.",0.0,11.0,,46,0.2
0.0,0.0,0.0,1.0,0.0,0.0,1.0,1.0,0.0,0.0,1.0,"Better partnering between networks and distributors and tech platforms, Strauss added, will lower churn rates.",2.0,28,,15,0.4
0.0,0.0,0.0,1.0,0.0,0.0,0.0,0.0,0.0,0.0,1.0,"Bravo fans headed to Las Vegas to soak up  BravoCon will have a number of treats in store for them thanks to sponsors, who have created on-site attractions designed to match the channel’s unique take on reality.",2.0,25,,38,0.2
0.0,1.0,0.0,0.0,0.0,1.0,0.0,0.0,1.0,0.0,0.0,"Sohn, former adviser to then-FCC chairman Tom Wheeler and longtime advocate for fair use and net neutrality rules, took heat for various stands as 1) a public interest advocate, 2) a backer of shuttered free broadcast  streaming service, Locast, and 3) as an occasional Fox News critic as a private citizen, resulting in a stalemate in Congress on her nomination.",0.0,11,,61,0.3
0.0,0.0,0.0,1.0,0.0,0.0,1.0,0.0,0.0,0.0,1.0,"Moriba’s ultimate goal is to ensure Black issues and stories are heard across all platforms, she said.",2.0,25.0,,17,0.3
0.0,0.0,1.0,1.0,0.0,0.0,0.0,1.0,0.0,0.0,1.0,"With   Hulu Plus Live TV,  Sling TV and Fubo all adding customers in Q3, the vMVPD category now controls, for the first time, more than 20% of U.S. pay TV customers.",1.0,20,,34,0.4
0.0,0.0,1.0,0.0,0.0,0.0,0.0,0.0,0.0,0.0,1.0,"Beyond that, Sinclair is preparing to enter the marketplace with one or two shows developed in concert with  CSI: Crime Scene Investigation creator Anthony Zuiker . While station groups have seen pitches for three shows from Sinclair, only one or two are likely to go forward this fall, said Ehrlich.",2.0,25,,51,0.2
0.0,0.0,0.0,0.0,0.0,0.0,0.0,1.0,0.0,0.0,0.0,"After more than a year of trying to get the deal done, Tegna said that as of Monday, May 22, its merger agreement with Standard General has been terminated and it can collect a $136 million breakup fee. May 22 was the deadline for Standard General's fi0cing of the deal.",2.0,28,,50,0.1
0.0,0.0,1.0,1.0,0.0,0.0,0.0,0.0,0.0,0.0,1.0,The loss of MLB Network comes within weeks of the start of  Major League Baseball’s Spring Training season and less than two months before the start of the baseball's regular season. ■,1.0,17.0,,33,0.3
1.0,0.0,1.0,0.0,0.0,0.0,0.0,0.0,0.0,0.0,1.0,"We have some franchises that are extremely popular with the TV one audience, and luckily, we're now at a point where we can make that available to people who are outside the pay ecosystem without cannibalizing the [linear] business,” she said.",2.0,0,,41,0.3
0.0,0.0,0.0,1.0,0.0,0.0,0.0,0.0,0.0,0.0,1.0,"The study also found that 80% of viewers most often watch TV programming on a television set. Viewers said that if they have to watch commercials, 49% prefer pre-roll ads to messages that interrupt programs.",2.0,29,,35,0.2
0.0,0.0,0.0,1.0,0.0,0.0,1.0,0.0,0.0,0.0,1.0,"The 18-year-old independent network’s lineup of Africa-based lifestyle and food shows, scripted  series and  movies can be viewed on multiple platforms including cable, through deals with Comcast, Charter Communications and Cox Communications; via agreements with free ad-supported TV platforms such as  Xumo Play ,  Pluto TV and  Tubi ; and through  subscription VOD service  Demand Africa .",2.0,29.0,,64,0.3
0.0,1.0,0.0,0.0,0.0,1.0,0.0,0.0,0.0,0.0,0.0,"If past is prologue, though, and the Democratic-led FCC decides to reregulate broadband, a decision won't come for several months. That decision will then almost certainly be appealed to the FCC, taken to court or both.",0.0,11,,36,0.2
0.0,0.0,1.0,0.0,0.0,0.0,0.0,0.0,0.0,1.0,0.0,"According to the latest OpenVault report, ISPs may need to find a new way to tamp down consumption on their networks",0.0,2,,21,0.2
0.0,0.0,1.0,0.0,0.0,0.0,0.0,1.0,0.0,0.0,0.0,The new joint-venture gadget replaces the Xfinity Flex puck that Comcast had been giving out for free to its broadband-only subscribers,2.0,25,,21,0.2
0.0,0.0,1.0,1.0,0.0,0.0,0.0,0.0,0.0,0.0,1.0,"Case in point: Gray Television's indie KTVK-TV in Arizona, now the local TV home of the Phoenix Suns, which is  about to be pulled off increasingly powerful YouTube TV .",2.0,25,,31,0.3
0.0,1.0,1.0,0.0,1.0,1.0,0.0,1.0,0.0,0.0,0.0,"The negotiating committee for the Writers Guild of America told members that a tentative agreement has been made with Hollywood’s big movie and television producers, meaning that an end to the 156 day strike that has frozen the entertainment industry.",2.0,30,,40,0.5
0.0,0.0,0.0,1.0,0.0,0.0,1.0,0.0,0.0,1.0,1.0,"We plan to modernize all of our distribution agreements upon renewal in a way that works for customers,” Winfrey said. “That means packaging flexibility and not asking customers or us to pay twice for similar DTC and linear programming.”",2.0,26,,39,0.4
0.0,0.0,1.0,0.0,0.0,0.0,0.0,0.0,0.0,1.0,0.0,"The Federal Communications Commission has voted 3-2 to begin the process of giving utility-style authority to regulate broadband access by  reclassifying broadband as a Title II telecommunications service subject to some common-carrier regulations and then restoring bright-line rules against blocking, throttling and paid prioritization.",0.0,2,,45,0.2
0.0,1.0,0.0,0.0,0.0,1.0,0.0,0.0,1.0,0.0,0.0,"Then on Dec. 23, Standard General, which was clearly hoping to get the FCC to make a decision ASAP after months of vetting, said it would agree to all of the retransmission consent-related conditions that NCTA-the Internet & Television Association had wanted for as long as it owned Tegna.",1.0,0,,49,0.3
0.0,0.0,0.0,0.0,0.0,1.0,0.0,0.0,0.0,1.0,0.0,"B+C: Now that FASTs are a consumer mainstay, what do advertisers need to know?",2.0,29,,14,0.2
0.0,0.0,1.0,0.0,0.0,0.0,0.0,1.0,0.0,0.0,1.0,Sinclair Broadcast Group said it reached a new carriage deal with YouTube TV that adds  the broadcaster’s digital broadcast networks and Tennis Channel to YouTube TV’s lineup.,2.0,25,,28,0.3
0.0,0.0,0.0,1.0,0.0,0.0,0.0,0.0,0.0,1.0,1.0,"This suggests two things for most future businesses: first, get deeper into data, including data management and enhancement; and second, the foundational forms of data distribution — such as fiber, and via spectrum services, i.e., wireless and satellite — are worth keeping and enhancing, in lockstep with data collection.",2.0,27.0,,49,0.3
0.0,0.0,0.0,1.0,0.0,0.0,1.0,0.0,0.0,0.0,1.0,"The series, The Color of Victory: Heroes of WW2, reveals the untold stories of the people of color who fought in the war and restores their place in the historic narratives of the war, according to the network. Elba will executive produce and narrate the series, which will also showcase how the war experiences of people of color helped shape and inspire post-war movements for freedom around the world, said Nat Geo officials.",2.0,25,,73,0.3
0.0,0.0,1.0,1.0,0.0,0.0,0.0,1.0,0.0,0.0,1.0,"It is also about how that cooking show is at the center of a remarkable season for AMC Networks’   Content Room branded  content unit, which integrated a record 15 sponsors into AMC’s annual “Best Christmas Ever” programming stunt.",1.0,17,,41,0.4
0.0,0.0,1.0,0.0,0.0,0.0,0.0,0.0,0.0,1.0,0.0,"The company said it increased the number of fiber-to-the-home broadband customers in the quarter. Net adds were 36,000 in the quarter as total fiber broadband customers reached 172,000 at the end of the year.",0.0,2.0,,34,0.2
0.0,1.0,0.0,0.0,0.0,1.0,0.0,0.0,0.0,0.0,1.0,"On the other side, INCOMPAS, which represents competitive carriers and some high-profile edge providers, said the FCC should definitely reclassify internet access as a telecommunications service and reinstitute net neutrality rules “to ensure that residential and small business customers throughout the United States have access to an open internet so that they can access the lawful  online content , applications, and services of their choice.”",0.0,11,,66,0.3
0.0,0.0,0.0,1.0,0.0,0.0,0.0,0.0,0.0,0.0,1.0,"Detroit is on the rise and so are the people. It’s a city where Black culture is strong. This reemerging city is all about family, friendship, business, excellence and of course, love and marriage,” said OWN.",2.0,25,,36,0.2
0.0,1.0,0.0,0.0,0.0,1.0,0.0,0.0,0.0,0.0,0.0,"As FCC chair Jessica Rosenworcel suggested at a House oversight hearing Wednesday (June 21) that cable  video -related regulation provided for in the 1984 and 1992 Cable Acts did not apply to  online video providers, at a separate Senate Commerce Committee FCC nomination hearing Thursday (June 22), chair Maria Cantwell (D-Wash.) pressed the issue.",0.0,11,,56,0.2
0.0,0.0,0.0,1.0,0.0,0.0,0.0,0.0,0.0,1.0,1.0,"The combination of premium  video inventory, like NBCU’s, and the Walmart shopper data can be a game-changer for marketers.",2.0,27,,20,0.3
0.0,1.0,1.0,1.0,0.0,0.0,0.0,0.0,0.0,1.0,1.0,"The numbers reflect how important the pivot to the living room has been for a service whose original purpose was almost entirely based on  streaming to PCs. For YouTube and its corporate cousin  Google , the TV set has been a powerful propellant, giving the  video service real estate parity on the television screen alongside legacy television brands like ABC, ESPN, MTV and Fox News Channel. For millions of TV watchers, tuning into YouTube is now little different from summoning ESPN or Fox News to the screen, with one big exception: YouTube engrosses viewers in a more personalized, interactive experience compared with a linear television network. “Eyeballs are moving away from linear TV, and we are helping brands move beyond (the) traditional,”  Google senior VP Phillip Schindler noted in a recent quarterly earnings review. “Obviously … connected TV is an important part of this strategy.”",1.0,0,,93,0.5
0.0,1.0,0.0,0.0,0.0,1.0,0.0,0.0,1.0,0.0,0.0,"Heavy hitters from both sides of the Standard General-Tegna merger debate, including former Democratic chairs of the FCC and FTC, met with the FCC’s Republican commissioners last week as the companies attempted to get the FCC to give them a thumbs up or a thumbs down on the deal ASAP.",0.0,11,,50,0.3
0.0,0.0,1.0,0.0,0.0,0.0,0.0,1.0,0.0,0.0,0.0,Deal will enable local advertisers to reach new audiences,2.0,25,,13,0.2
0.0,1.0,0.0,0.0,0.0,1.0,0.0,0.0,0.0,0.0,0.0,"With the backing of broadcasters, who have been trying to get more money for their  online content , including by pushing for an antitrust exemption from Congress to negotiate for aggregated news  content , Senate Commerce Committee chair Maria Cantwell (D-Wash.) wrote Rosenworcel asking her to revive the 2014 inquiry with a focus on good-faith negotiation rules related to edge provider aggregation of news  content from print and broadcast sources.",0.0,11,,73,0.2
0.0,0.0,0.0,0.0,0.0,0.0,1.0,1.0,0.0,0.0,0.0,"Nationwide, Charter has about 60,000 linear channels that it sells against every day.",2.0,29,,13,0.2
0.0,0.0,0.0,1.0,0.0,0.0,1.0,1.0,0.0,0.0,1.0,"That means that  Disney would continue to make ESPN available a part of the bundle, while also releasing a version of the network “on a true a la carte basis in DTC form,” he said.",2.0,26,,36,0.4
0.0,0.0,1.0,0.0,0.0,0.0,0.0,0.0,0.0,1.0,0.0,"But it turns out that quadrature amplitude modulation, or QAM, the digital encoding standard for linear cable  video , “is going to be with us for a long time,” according to  Charter chief fi0cial officer Jessica Fischer .",0.0,5,,40,0.2
0.0,0.0,0.0,1.0,1.0,0.0,0.0,0.0,0.0,0.0,1.0,"Weggemann, the athlete who won the Quickfire challenge, worked with Delta since 2019 as a member of Delta’s advisory board on disability. “When they became a Team USA partner, I was ecstatic because I’m very biased in my enthusiasm for Delta,” she said. “They’re a remarkable brand because when you’re with them, it truly is a family.”",2.0,25,,57,0.3
0.0,0.0,0.0,1.0,1.0,0.0,0.0,0.0,0.0,0.0,1.0,"Also in the show are the actress and friend Akera Lewis, spiritual coach ‘M’ Nagle, agent Tiara and rock musician and friend Myke Terry. Lewis sees herself as the “hood princess,” according to Fer0dez. “We come from two completely different worlds, but there is a bridge.”",2.0,25,,46,0.3
0.0,0.0,1.0,1.0,0.0,0.0,0.0,1.0,0.0,0.0,1.0,Reality crime  series to run across network's YouTube channel,2.0,25,,13,0.4
0.0,0.0,0.0,1.0,0.0,0.0,0.0,0.0,0.0,0.0,1.0,"Holloway would venture back into the broadcast arena in 2011 as president of multichannel distribution at  Ion   Media Networks before moving into the  streaming space in 2020 with  the launch of two urban-focused services, URBN-TV and UKW   Media , targeting multicultural viewers on the emerging digital platform.",2.0,25,,54,0.2
0.0,0.0,0.0,1.0,0.0,0.0,1.0,0.0,0.0,0.0,1.0,"The  series , an adaptation of the 1990’s movie of the same name about a professional women’s baseball league,  was initially renewed for a four-episode second season this past April .  Series co-creator and executive producer Abbi Jacobson recently took to social  media to decry the show’s cancellation.",2.0,25.0,,52,0.3
0.0,0.0,1.0,1.0,0.0,0.0,0.0,1.0,0.0,0.0,1.0,"Fans already subscribing to Marquee via a cable, satellite, telco or virtual multichannel  video programming distributor (vMVPD) can stream programming through the new Marquee Sports Network App at no added cost.",1.0,20,,32,0.4
0.0,0.0,0.0,0.0,0.0,0.0,1.0,0.0,0.0,1.0,1.0,"Magna predicted the organic growth of  streaming — both ad-supported  video on demand and  free ad-supported   streaming television (FAST) channels — growing by 21.2%, nearly offsetting the organic decline and weaker pricing of linear ad sales.",2.0,29,,41,0.3
0.0,0.0,1.0,1.0,0.0,0.0,0.0,0.0,0.0,0.0,1.0,"Fox News averaged 1.9 million viewers during the week of November 27 to December 3, surpassing last week’s chart leader  ESPN’s 1.7 million viewers, according to Nielsen numbers supplied by Fox News. The news network's November 30 DeSantis vs. Newsom: The Great Red vs. Blue State Debate special averaged 5.4 million viewers across its live airing and repeat telecast to pace its ratings performance.",1.0,17,,65,0.3
0.0,1.0,0.0,0.0,0.0,1.0,0.0,0.0,0.0,0.0,0.0,"Fair treatment raises another new net neutrality issue since the last battle over the rules — equity, an issue that could bring cost into the equation and raises the specter of some form of rate regulation.",0.0,11,,36,0.2
0.0,1.0,0.0,1.0,1.0,0.0,0.0,1.0,0.0,0.0,0.0,"The HFPA was ridiculed for its lack of diversity in a   series of stories in the L.A. Times, which reported that the association did not have a single Black member. As a result, NBC cancelled the 2022 Golden Globe Awards telecast.",2.0,25,,43,0.4
0.0,1.0,0.0,0.0,0.0,1.0,0.0,0.0,0.0,0.0,1.0,"The FCC said it had tentatively concluded that it has the regulatory authority to impose such customer service obligations on DBS, the first time it will have done so if it adopts the rulemaking.",0.0,11,,34,0.3
0.0,0.0,0.0,1.0,0.0,0.0,0.0,0.0,0.0,0.0,1.0,WXIA Atlanta won for Rebecca Lindstrom’s #Keeping report on a special-needs child who was abandoned in an emergency room. ABC News Studios and  Hulu won for Leave No Trace: A Hidden History of the Boy Scouts.  WBRZ Baton Rouge won for Chris Nakamoto’s Murder-Lies-Hidden Evidence: Holding Louisiana State Police Accountable.,2.0,25.0,,52,0.2
0.0,0.0,1.0,1.0,0.0,0.0,0.0,1.0,0.0,0.0,1.0,"On multiple occasions, we made it clear to Newsmax that we wanted to continue to offer the network, but ultimately Newsmax’s demands for rate increases would have led to significantly higher costs that we would have to pass on to our broad customer base,” DirecTV said in a statement. ""Anyone, including our customers, can watch the network for free via NewsmaxTV.com, YouTube.com and on multiple  streaming platforms like Amazon Fire TV, Roku, and  Google Play. We continually evaluate the most relevant programming to provide our customers and expect to fill this available channel with new  content .""",1.0,18.0,,93,0.4
0.0,0.0,0.0,0.0,0.0,0.0,1.0,1.0,0.0,0.0,0.0,"Other goals were to build a strong management team at the channel and develop “new commercial pathways’ beyond linear TV, and inroads have been there made via  deals with Peacock ,   Hulu and YouTube TV, with the  Hallmark   Movies Now streaming service and with ad-supported  video - on - demand and FAST channel launches, he said.",2.0,29.0,,63,0.2
0.0,0.0,0.0,1.0,0.0,0.0,0.0,0.0,0.0,1.0,1.0,"When I look at the big picture, the cable companies are losing a great number of subscribers to T-Mobile and Verizon as those companies ramp up their wireless home internet capabilities,"" Moore told Fierce. ""So, to me gaining a mobile capability is all about locking down the churn, locking down the number of subscribers that are currently with the cable companies."" ■",2.0,28.0,,62,0.3
0.0,0.0,0.0,0.0,1.0,0.0,1.0,0.0,0.0,0.0,1.0,"OrkaTV’s marketplace generates 35 billion ad requests per month. The ads are displayed on television sets, without popups or skipping.",2.0,29,,20,0.3
0.0,0.0,0.0,0.0,0.0,0.0,1.0,1.0,0.0,0.0,1.0,"We also hope that the competitive consequences resulting from the WarnerMedia- Discovery merger inform updates to the merger guidelines to ensure that the guidelines reflect the needs of workers, consumers and  content creators in the  media and entertainment industry,” the letter said.",2.0,28,,44,0.3
0.0,0.0,0.0,0.0,0.0,0.0,1.0,0.0,0.0,1.0,0.0,"As FAST continues to be a critical area for growth around the world, we are thrilled to announce the expansion of Mark’s role at A+E Networks,” Steven MacDonald, president, global licensing & international at A+E, said. “Under his leadership, A+E was an early entrant to the space, helping to monetize our vast library of owned and original  content across an emerging fleet of digital and  streaming platforms. With Mark at the helm, we will continue to build on our pioneering global position in FAST.”",2.0,29,,86,0.2
0.0,0.0,1.0,1.0,0.0,0.0,1.0,0.0,0.0,0.0,1.0,"Altice USA investors, who have watched the cable operator’s market capitalization — once at well above $10 billion — precipitously decline to around $1.8 billion, as its broadband customer growth has ground to a halt, like the idea of Altice merging with a far more diversified TMT conglomerate.",2.0,28.0,,48,0.4
0.0,1.0,0.0,0.0,0.0,1.0,0.0,1.0,0.0,0.0,0.0,"That reality notwithstanding, at Wednesday's hearing both Democrats and Republicans praised FCC chair Jessica Rosenworcel and her colleagues for how they had been working cooperatively.",0.0,11,,25,0.3
0.0,0.0,1.0,0.0,0.0,0.0,0.0,0.0,0.0,1.0,0.0,"Such blackouts are a form of leverage in what is a marketplace negotiation, but Rosenworcel clearly sees blackouts as unfair to consumers.",0.0,2,,22,0.2
0.0,0.0,0.0,1.0,0.0,0.0,1.0,0.0,0.0,0.0,1.0,"A year ago, Charter lost 240,000  video subscribers in the second quarter.",2.0,28,,13,0.3
0.0,0.0,0.0,0.0,1.0,0.0,1.0,0.0,0.0,0.0,1.0,"It’s essential that people understand the importance of climate news and why these stories need to be shared, told, and illustrated accurately and objectively,” Nora Zimmett, president of news and original  series for The Weather Channel, said. “It means so much to us that we’re able to highlight the amazing work of these journalists. Our ongoing goal is to consistently further the climate conversation, make more people aware of the urgency of the crisis, and show appreciation for the everyday people doing their part to make a better planet for all of us.”",2.0,25,,93,0.3
0.0,0.0,0.0,1.0,0.0,0.0,1.0,0.0,0.0,0.0,0.0,This weekend’s lineup of live sports events begins on the soccer field with the National Women's Soccer League championship game.,2.0,25,,20,0.2
0.0,0.0,0.0,1.0,0.0,0.0,0.0,1.0,0.0,0.0,0.0,"WBD added 9.6 million paid  streaming customers in 2022, ending the year with 96.1 million subscribers across its soon-to-merge HBO Max and  Discovery Plus  streaming services.",2.0,28.0,,29,0.2
0.0,0.0,0.0,1.0,0.0,0.0,0.0,0.0,0.0,1.0,1.0,"At this point, addressable advertising includes both targeted ads inserted into breaks by pay TV distributors as well as targeted ads in connected TV programming.",2.0,29.0,,25,0.3
0.0,0.0,0.0,1.0,0.0,0.0,0.0,0.0,0.0,0.0,1.0,"The panel will break down the action from each NLCS game as it's happening while providing their unique perspectives and insights on Hispanic culture in baseball, said WBD Sports.",2.0,25,,29,0.2
0.0,1.0,0.0,0.0,0.0,1.0,0.0,0.0,0.0,0.0,0.0,"Already the Federal Communications Commission’s busiest docket,  the effort to restore network neutrality rules saw a rush of new comments Thursday (December 14), the deadline for initial submissions by interested parties looking to affect the outcome of the proceeding.",0.0,11,,40,0.2
0.0,0.0,1.0,0.0,0.0,0.0,0.0,0.0,0.0,0.0,1.0,"For Paramount and CBS, the revolt threatened to spill out onto other digital arrangements with the likes of  Paramount Plus ,  Hulu Plus Live TV and  YouTube TV .",2.0,25,,32,0.2
0.0,0.0,0.0,1.0,1.0,0.0,0.0,0.0,0.0,1.0,1.0,"Epsilon’s first-party data will give AudienceXpress more information about transactions and consumer behavior, enabling it to create more precise connected TV audience segments for clients.",2.0,27,,25,0.4
0.0,0.0,1.0,1.0,0.0,0.0,0.0,1.0,0.0,0.0,1.0,"Newby, author of the science fiction book We Make Monsters, also said the shows let the producers and programmers introduce the classic monsters to a new audience that may not be familiar with the old  movies , or who aren’t going to the theaters to watch the new films.",1.0,17,,50,0.4
0.0,0.0,0.0,1.0,0.0,0.0,0.0,1.0,0.0,1.0,0.0,The satellite rivals have been  working together to serve advertisers looking for addressability.,2.0,25,,14,0.3
0.0,0.0,1.0,1.0,0.0,0.0,0.0,0.0,0.0,0.0,1.0,"In the ring, YouTube star Jake Paul on Sunday will look to advance his boxing career when he faces Tommy Fury in the main event of an  ESPN Plus pay-per-view boxing card on Sunday. On Saturday,  Showtime will telecast a live fight card headlined by the junior welterweight championship fight between Subriel Matias and Jeremias Ponce.",1.0,17.0,,58,0.3
0.0,0.0,1.0,1.0,0.0,0.0,0.0,1.0,0.0,0.0,1.0,"The rise of  ad-supported   video - on - demand ( AVOD ) services will prompt  subscription video players to “concentrate their investments on what  AVOD doesn’t do as well — forcing a shift in strategy.”  AVOD excels in news, kids programming, family programming and reality  content , Magid said, and so SVODs will have to do a better job delivering and marketing premium  content .",1.0,0,,73,0.4
0.0,0.0,0.0,1.0,0.0,0.0,0.0,0.0,0.0,0.0,1.0,"The big viewership on Max is good news for AT&T, Olay, Shipt and  Adobe , which bought Barbie sponsorship packages. It was unclear how many of Max’s viewers were on the ad-supported plan.",1.0,20,,34,0.2
0.0,0.0,0.0,0.0,0.0,0.0,1.0,1.0,0.0,0.0,0.0,"The brand will also have category exclusivity across both the College Football Playoff and the Tournament of Roses in the Life Insurance, Wealth Management, and Fi0cial Advisory categories.",2.0,29.0,,28,0.2
0.0,0.0,0.0,1.0,0.0,0.0,1.0,0.0,0.0,0.0,1.0,"December 12: Under Pressure: The U.S. Women’s World Cup Team (sports documentary),  Netflix",2.0,25,,14,0.3
0.0,0.0,0.0,1.0,0.0,0.0,1.0,0.0,0.0,0.0,1.0,"GAF’s programming has been criticized for not featuring enough diverse characters and storylines. What do you say to the network’s detractors regarding diversity? I think that as our company is evolving, we are becoming much more diverse. We have some terrific projects in 2024 that we are extremely excited about that feature a pool of [diverse] talent, from Karen Abercrombie to Percy Bell and Stacey Patino, who we believe are going to be big stars. They’re in an original  series called County Rescue. I believe as people learn about our programming offerings moving forward in 2024, a lot of that criticism will go away. We are very focused on it, and we’re proud of what we have coming up.",2.0,25,,93,0.3
0.0,1.0,1.0,0.0,0.0,1.0,0.0,0.0,0.0,0.0,0.0,"Maher said late last week that  HBO’s Real Time With Bill Maher would return to the studio, despite the strike. With the WGA and AMPTP resuming talks Wednesday, Maher in a tweet Monday, walked back the return-to-work plan.",2.0,30,,39,0.3
0.0,0.0,0.0,1.0,0.0,0.0,1.0,0.0,0.0,0.0,1.0,"Dish Network reported lower second-quarter profits as it lost 294,000 more pay TV subscribers.",2.0,28.0,,14,0.3
0.0,1.0,0.0,0.0,0.0,0.0,0.0,0.0,1.0,0.0,0.0,"Because these fees may have the effect of limiting consumer choice after a contract is enacted, it may negatively impact competition for services in the marketplace,” Rosenworcel's office said in announcing the upcoming vote. “Additionally, billing cycle fees require TV  video service subscribers to pay for a complete billing cycle even if the subscriber terminates service prior to the end of that billing cycle. These fees penalize consumers for terminating service by requiring them to pay for services they choose not to receive.”",0.0,11,,84,0.2
0.0,1.0,0.0,0.0,0.0,1.0,0.0,0.0,0.0,0.0,0.0,"* “Will TikTok commit to not selling American user data to third parties, including subsidiaries or parent companies, in the future?”",2.0,27,,21,0.2
0.0,0.0,1.0,1.0,0.0,0.0,0.0,0.0,0.0,1.0,1.0,"We have opportunities in datacasting and there are two generations now who don’t actually know you can get free TV, so introducing the notion of over-the-air television and the launch of the new Tablo digital  video recorder are very exciting for us,” she said.",2.0,29,,45,0.4
0.0,1.0,0.0,0.0,0.0,0.0,0.0,0.0,1.0,0.0,0.0,"In a deal that would shake up the  media business,  Warner Bros.   Discovery CEO David Zaslav has reportedly discussed a possible merger with  Paramount Global .",2.0,28,,31,0.2
0.0,0.0,1.0,0.0,0.0,0.0,0.0,0.0,0.0,1.0,0.0,"President Joe Biden speaks as he announces a $42 billion investment in high-speed internet infrastructure during an event in the East Room of the White House on June 26, 2023 in Washington, DC. (Chip Somodevilla/Getty Images))",0.0,2,,36,0.2
0.0,0.0,1.0,0.0,0.0,0.0,0.0,0.0,0.0,1.0,0.0,"Like most cable companies operating at the dawn of the low-priced fixed wireless access home internet age, WOW! is losing customers in high-speed internet — it bled 4,400 broadband customers in Q3. But with customers upgrading their plans — over 80% of WOW! subscribers are now on tiers of 500 Megabits per second or higher — and paying or more bandwidth, high-speed data revenue increased 7% year over year to record levels.",0.0,2,,72,0.2
0.0,0.0,1.0,0.0,0.0,0.0,1.0,1.0,0.0,0.0,0.0,"Standard General agreed to acquire Tegna in an $8.6 billion deal that includes the assumption of $3.2 billion in debt. Apollo Global Management (AGM) is providing some of the funding for the deal. AGM controls CMG, which will own some of the Tegna stations if the deal is approved.",2.0,28.0,,49,0.3
0.0,0.0,0.0,1.0,1.0,0.0,0.0,0.0,0.0,0.0,1.0,"Rob Christensen: The marketplace has evolved from household-level identification to now identifying valuable customers inside of households and creating custom audience segments from these customers. Coupled with retail  media opportunities and how incredibly shoppable the future of TV is, there is a ton of opportunity for networks, platforms, and brands alike. With purchases increasingly being made via phone, the phone’s camera, or even voice in the smart home, we can enhance reporting, measurement, and verification to give us all a better sense of the consumers who are viewing  content for specific products within a particular market.",2.0,26,,93,0.3
0.0,0.0,1.0,0.0,0.0,0.0,0.0,0.0,0.0,1.0,0.0,"With an estimated 6.2 million AT&T broadband customers still on copper DSL, 5G FWA ""makes sense"" as an alternative, Desroches added, until fiber can reach these customers, or if they're in rural places in which fiber won't be deployed to them.",0.0,2.0,,41,0.2
0.0,0.0,0.0,1.0,0.0,0.0,1.0,0.0,0.0,0.0,1.0,Four-part  series looks at the influence of African-American cuisine on the U.S.,2.0,25,,13,0.3
0.0,1.0,0.0,0.0,0.0,0.0,1.0,1.0,0.0,0.0,0.0,"The trajectory, the timing of that really is up to macro conditions. How when does the ad market recover? What are linear declines going forward? We continue to cut costs in the linear segment to maintain our margins. So I'm pretty confident that we have a lot of growth ahead at NBCUniversal,” he said. ■",2.0,29.0,,55,0.3
0.0,0.0,0.0,1.0,0.0,0.0,0.0,0.0,0.0,1.0,0.0,"We’re proud to work with VideoAmp to provide their advanced measurement to our clients and further solidify our commitment to advanced advertising solutions,” Casey Gould, senior VP, ad sales and advanced advertising at  Hallmark Media , said. “As we head into the launch of our highly anticipated holiday season, this partnership will offer our advertisers new, rewarding data findings that showcase the value of advertising within our unique brand of feel-good content and reinforce our presence as a leading destination in the cable landscape.”",2.0,29,,85,0.2
0.0,0.0,0.0,1.0,0.0,0.0,1.0,0.0,0.0,0.0,0.0,OWN will air this summer a new documentary  series from Essence magazine that looks at Black America over the past 50 years.,2.0,25,,23,0.2
0.0,0.0,1.0,0.0,0.0,0.0,0.0,1.0,0.0,0.0,0.0,"Sinclair purchased 19 Fox Sports RSNs in 2019 for $10.6 billion, then preceded to embark on two expensive stock buybacks.",2.0,28.0,,20,0.2
0.0,0.0,0.0,0.0,0.0,0.0,1.0,1.0,0.0,0.0,0.0,"While  Netflix is just building an ad sales and serving infrastructure working with  Microsoft , Amazon is well-versed in ad sales and commerce, which may give its launch a smoother runway.",2.0,29,,33,0.2
0.0,0.0,0.0,1.0,1.0,0.0,1.0,0.0,0.0,1.0,1.0,"Alison is extremely well-respected across the advertising ecosystem for her focus on partnership as well as her innovative leadership in the Connected TV and digital ad space,“ Marshall said. “As a pioneer of the shift to data-driven selling, Alison brought instrumental value to the marketplace at large, and I have no doubt her acumen and experience will bring incredible value to our team.”",2.0,0,,63,0.5
0.0,0.0,1.0,1.0,0.0,0.0,0.0,1.0,0.0,0.0,1.0,"Virtual pay TV companies now control more than 20% of U.S. pay TV. And since they're not beholden to traditional broadcast retransmission rules, that's bad news for station groups",1.0,20,,29,0.4
0.0,0.0,0.0,0.0,0.0,0.0,1.0,1.0,0.0,0.0,0.0,"Tegna, which owns 64 TV stations in 51 U.S. markets, agreed to be acquired by Standard General in February 2022 for $8.6 billion including debt. It also owns multicast networks True Crime Network, Twist and Quest and advanced-advertising company Premion.",2.0,28,,40,0.2
0.0,0.0,0.0,1.0,0.0,0.0,0.0,1.0,0.0,0.0,1.0,"Our primary focus is always to serve sports fans and we know they want both betting  content and the ability to place bets with less friction from within our products,” Jimmy Pitaro, chairman of ESPN, said. “The strategy here is simple: to give fans what they’ve been requesting and expecting from ESPN. Penn Entertainment is the perfect partner to build an unmatched user experience for sports betting with ESPN BET.”",2.0,25.0,,71,0.3
0.0,1.0,0.0,0.0,0.0,1.0,0.0,0.0,1.0,0.0,0.0,The FCC also cited the possibility that the deal structure would allow Standard General and Tegna to “artificially” raise retrans fees.,0.0,11,,21,0.3
0.0,1.0,1.0,0.0,0.0,1.0,0.0,0.0,1.0,0.0,0.0,"The strike will have the most immediate impact on the movie theater companies, credit-rating agency Moody’s said in a report Monday, but next on the chopping block are the  media companies making the transition to  streaming from broadcast television and pay TV channels, Moody’s said.",2.0,30,,47,0.4
0.0,0.0,1.0,1.0,0.0,0.0,0.0,0.0,0.0,0.0,1.0,"I’m honored to lead and steward MavTV’s rich legacy into the future – and do so with immense optimism and a new direction that further fuels the passion of enthusiasts in subcultures across two-wheel, four-wheel, dirt, pavement and water,” Olivares said.",2.0,25,,41,0.3
0.0,1.0,0.0,1.0,0.0,1.0,0.0,0.0,0.0,0.0,1.0,"Gomez said the effort was not about controlling the internet or its rates, but about getting input on how best to create a needed national regulatory framework to make sure the internet remains accessible, secure, open and available, including to historically underserved communities. Gomez, who is Hispanic, delivered her open meeting remarks in both English and Spanish.",0.0,11,,57,0.4
0.0,1.0,1.0,1.0,0.0,1.0,0.0,0.0,0.0,0.0,1.0,"With the TV industry in transition between traditional and digital advertising, and sellers scrambling to make their revenue goals in a tough economy, it might seem difficult to get too excited about a new order management system.",2.0,29,,37,0.5
0.0,0.0,0.0,1.0,0.0,0.0,1.0,0.0,0.0,0.0,1.0,Gift of a Lifetime is the network’s annual initiative that picks a single deserving woman and thanks her for her selflessness during the year.,2.0,25,,24,0.3
0.0,1.0,0.0,0.0,0.0,0.0,0.0,0.0,1.0,0.0,0.0,"Zaslav assembled Warner Bros.  Discovery starting out as CEO of   Discovery Communications , a smaller cable networks company.   Discovery acquired Scripps Networks Interactive and then  WarnerMedia .",2.0,28,,33,0.2
0.0,1.0,0.0,1.0,0.0,1.0,0.0,0.0,0.0,0.0,1.0,"The FCC has proposed to require cable and satellite operators to give consumers the ""all-in"" price for their  video service so they can price shop among  video alternatives, including  streaming services.",0.0,11,,34,0.4
0.0,1.0,1.0,0.0,0.0,0.0,1.0,1.0,0.0,0.0,0.0,"Last month,  WBD sold AT&T SportsNet Pittsburgh to Fenway Sports Group, owner of the NHL’s Pittsburgh Penguins.",2.0,28,,18,0.4
0.0,1.0,0.0,0.0,0.0,1.0,0.0,1.0,0.0,0.0,0.0,"The shift from broadcast, cable and satellite to streaming has profound impact on existing laws, regulations and agreements that have been foundational in support of public safety and access to local news,” the senators wrote. Those foundational agreements are a reference to the  must-carry/retransmission consent rules that require  multichannel video programming distributors (MVPDs) to negotiate for carriage of that unique broadcast content if broadcasters seek payment, or carry the signals if a broadcaster elects must-carry.",1.0,20,,77,0.3
0.0,0.0,0.0,1.0,0.0,0.0,1.0,0.0,0.0,0.0,0.0,Cuffee-Brown served as a Women in Cable Telecommunications (now The WICT Network) board member and a Cable Telecommunications Association for Marketing (CTAM) board member. She also informally mentors women and noted that,2.0,25,,32,0.2
0.0,0.0,0.0,1.0,0.0,0.0,0.0,1.0,0.0,1.0,1.0,"Our unified ad-decisioning platform was designed to allow clients, like Paramount, to build upon our capabilities to meet their specific programmatic needs,” FreeWheel general manager Mark McKee said. “In this case, Conduit utilizes the FreeWheel platform to make a unified decision on Paramount’s behalf, enabling advertisers to tap into the scale of Paramount’s global portfolio in a way that optimizes ad spend and maintains a premium advertising experience for consumers.”",2.0,29,,70,0.4
0.0,1.0,0.0,0.0,0.0,1.0,0.0,0.0,0.0,0.0,0.0,"NCTA also pointed out to the FCC before the vote that the Biden executive order had not proposed banning all early termination fees, just those that were unjust or unreasonable.",0.0,11,,30,0.2
0.0,0.0,0.0,1.0,0.0,0.0,0.0,0.0,0.0,0.0,1.0,"According to  credit reporting agency Fitch Ratings, DirecTV lost about 500,000 subscribers in the third quarter, leaving it with 13.3 million customers.",2.0,28.0,,23,0.2
0.0,1.0,0.0,0.0,0.0,1.0,0.0,0.0,0.0,0.0,0.0,INCOMPAS and a handful of other communications trade associations are urging Congress to fill the empty fifth seat on the Federal Communications Commission ASAP.,1.0,23,,24,0.2
0.0,1.0,0.0,0.0,0.0,1.0,0.0,0.0,0.0,0.0,0.0,"Equally important, Congress hasn’t authorized the FCC to insert itself into these negotiations. The definitions and language Congress wrote into current statutory provisions do not extend to internet streamers.",0.0,11,,29,0.2
0.0,0.0,0.0,1.0,0.0,0.0,1.0,0.0,0.0,0.0,1.0,"Nearly 66% of users who sign up for Bally Sports Plus cancel their  subscription within six months, according to new research published by Antenna.",2.0,28,,25,0.3
0.0,0.0,0.0,1.0,0.0,0.0,1.0,0.0,0.0,0.0,1.0,"The first two episodes of Genius: MLK/X will air on February 1 and stream the next day on  Disney Plus and  Hulu , with two episodes debuting weekly throughout Black History Month.",2.0,25,,34,0.3
0.0,1.0,0.0,0.0,0.0,1.0,0.0,0.0,0.0,0.0,0.0,"Rosenworcel did use the term “restrict” rather than “ban” when discussing the relevant fees, so it was unclear just how the final item would come down on whether the fees were unfair and unreasonable on their face, or as applied unfairly and unreasonably.",0.0,11,,43,0.2
0.0,0.0,0.0,1.0,0.0,0.0,0.0,1.0,0.0,0.0,0.0,"The broadcaster reiterated that networks and affiliates are aligned in preserving and growing retrans revenues, and that broadcasters and distributors are aligned in slowing subscriber churn.",2.0,28,,26,0.2
0.0,1.0,0.0,0.0,0.0,1.0,0.0,0.0,0.0,0.0,0.0,"The FCC did not restore the rules preventing newspaper/broadcast cross-ownership and radio/TV crossownership, which a Republican FCC had eliminated and an appeals court restored before the  Supreme Court weighed in on the side of elimination.",0.0,11,,36,0.2
